{"cameraMode":{"drawMode":0,"name":"Shaded","section":"Shading Mode"},"sceneLighting":true,"audioPlay":false,"sceneViewState":{"showFog":true,"showMaterialUpdate":false,"showSkybox":true,"showFlares":true,"showImageEffects":true,"showParticleSystems":true,"showVisualEffectGraphs":true,"m_FxEnabled":false},"in2DMode":false,"pivot":{"x":504.5586853027344,"y":257.31561279296877,"z":-0.037322998046875},"rotation":{"x":-0.10067646950483322,"y":0.000869208830408752,"z":-0.0006166959065012634,"w":-0.9952878355979919},"size":292.3550109863281,"orthographic":false}