{"cameraMode":{"drawMode":0,"name":"Shaded","section":"Shading Mode"},"sceneLighting":true,"audioPlay":false,"sceneViewState":{"showFog":true,"showMaterialUpdate":false,"showSkybox":true,"showFlares":true,"showImageEffects":true,"showParticleSystems":true},"in2DMode":false,"pivot":{"x":139.0592041015625,"y":-18.31403350830078,"z":85.70259857177735},"rotation":{"x":-0.41189461946487429,"y":-0.09288710355758667,"z":0.042252134531736377,"w":-0.9054996371269226},"size":59.70320129394531,"orthographic":false}