{"cameraMode":{"drawMode":0,"name":"Shaded","section":"Shading Mode"},"sceneLighting":true,"audioPlay":false,"sceneViewState":{"showFog":true,"showMaterialUpdate":false,"showSkybox":true,"showFlares":true,"showImageEffects":true,"showParticleSystems":true},"in2DMode":false,"pivot":{"x":430.5261535644531,"y":513.0457153320313,"z":-13.35675048828125},"rotation":{"x":-0.11343557387590409,"y":0.02574658766388893,"z":-0.00294239423237741,"w":-0.9932073354721069},"size":611.5693969726563,"orthographic":false}