{"cameraMode":{"drawMode":0,"name":"Shaded","section":"Shading Mode"},"sceneLighting":true,"audioPlay":false,"sceneViewState":{"showFog":true,"showMaterialUpdate":false,"showSkybox":true,"showFlares":true,"showImageEffects":true,"showParticleSystems":true},"in2DMode":false,"pivot":{"x":-18.537059783935548,"y":53.19302749633789,"z":164.78892517089845},"rotation":{"x":-0.17538577318191529,"y":-0.5884944796562195,"z":0.13265907764434815,"w":-0.778020441532135},"size":10.887598991394043,"orthographic":false}