{"cameraMode":{"drawMode":0,"name":"Shaded","section":"Shading Mode"},"sceneLighting":true,"audioPlay":false,"sceneViewState":{"showFog":true,"showMaterialUpdate":false,"showSkybox":true,"showFlares":true,"showImageEffects":true,"showParticleSystems":true},"in2DMode":false,"pivot":{"x":175.4742889404297,"y":-35.463321685791019,"z":-62.279541015625},"rotation":{"x":0.10019160807132721,"y":0.815933346748352,"z":-0.14873600006103517,"w":0.5496290922164917},"size":140.7316131591797,"orthographic":false}